hdong,행정동_코드,자치구_코드,longitude,latitude,자치구명
청운효자동,11110515,11110,126.96990686761752,37.584418720515885,종로구
사직동,11110530,11110,126.9703752314623,37.57388621927961,종로구
삼청동,11110540,11110,126.98120495146988,37.58836740902573,종로구
부암동,11110550,11110,126.96354926751049,37.5969587400261,종로구
평창동,11110560,11110,126.96812734517589,37.61568263364914,종로구
무악동,11110570,11110,126.95858919704752,37.577108233656,종로구
교남동,11110580,11110,126.96411655616336,37.57106436845543,종로구
가회동,11110600,11110,126.98655013932952,37.582511684291084,종로구
종로1?2?3?4가동,11110615,11110,126.98985699099724,37.575186933038246,종로구
종로5?6가동,11110630,11110,127.00440346808996,37.572853710116696,종로구
이화동,11110640,11110,127.00302270933425,37.57971933130445,종로구
혜화동,11110650,11110,126.99742986464302,37.58746788473727,종로구
창신1동,11110670,11110,127.01379895274418,37.5723664484761,종로구
창신2동,11110680,11110,127.01018840445342,37.57602485406751,종로구
창신3동,11110690,11110,127.013222802622,37.5789527845504,종로구
숭인1동,11110700,11110,127.01689037280627,37.57718636818084,종로구
숭인2동,11110710,11110,127.02034243045809,37.57449185020222,종로구
소공동,11140520,11140,126.97437453532754,37.564255512847375,중구
회현동,11140540,11140,126.97710457297552,37.556939979505266,중구
명동,11140550,11140,126.98430107112212,37.56395091134355,중구
필동,11140570,11140,126.99377534693004,37.556869955485794,중구
장충동,11140580,11140,127.00216161451516,37.555563653364366,중구
광희동,11140590,11140,127.0037691620546,37.565159229901745,중구
을지로동,11140605,11140,126.99655901615029,37.566618853519614,중구
신당동,11140615,11140,127.0137071700536,37.56569008206271,중구
다산동,11140625,11140,127.00836345470714,37.55494168855172,중구
약수동,11140635,11140,127.0102867299519,37.55014822684117,중구
청구동,11140645,11140,127.01518815511604,37.556878152670386,중구
신당5동,11140650,11140,127.0218674854035,37.56363458123807,중구
동화동,11140665,11140,127.01865228045584,37.560706894007495,중구
황학동,11140670,11140,127.02085017986909,37.56853618353088,중구
중림동,11140680,11140,126.96603581524248,37.557342763110235,중구
동선동,11290575,11290,127.01851329837636,37.59364726779841,성북구
돈암1동,11290580,11290,127.02440331435469,37.599754918077274,성북구
돈암2동,11290590,11290,127.01159540593008,37.59708092788348,성북구
안암동,11290600,11290,127.02721861973257,37.58772606240176,성북구
보문동,11290610,11290,127.01913329976148,37.58282624761276,성북구
정릉1동,11290620,11290,127.01698686701162,37.60327909170645,성북구
정릉2동,11290630,11290,127.00850480334412,37.60367644346763,성북구
정릉3동,11290640,11290,126.9945862123328,37.61210087867798,성북구
정릉4동,11290650,11290,126.99490252916794,37.6239488858616,성북구
길음1동,11290660,11290,127.01974004643084,37.608225098062775,성북구
길음2동,11290685,11290,127.02715815844054,37.60828669338947,성북구
종암동,11290705,11290,127.03386916402484,37.59743703440874,성북구
월곡1동,11290715,11290,127.03654664097247,37.60783366466426,성북구
월곡2동,11290725,11290,127.0454002002377,37.60322653240499,성북구
장위1동,11290760,11290,127.0446598787933,37.61510185456549,성북구
장위2동,11290770,11290,127.05189551729268,37.612350879105215,성북구
장위3동,11290780,11290,127.05345140283232,37.618260668448144,성북구
석관동,11290810,11290,127.06136066360747,37.60827386641208,성북구
삼양동,11305534,11305,127.01492989664489,37.623803893509766,강북구
미아동,11305535,11305,127.02638390140945,37.62864018743246,강북구
송중동,11305545,11305,127.0329835271576,37.617673512388606,강북구
송천동,11305555,11305,127.02490771890918,37.61818905650258,강북구
삼각산동,11305575,11305,127.01652563113764,37.617163401594155,강북구
번1동,11305595,11305,127.03061306222838,37.63755892469418,강북구
번2동,11305603,11305,127.0347446719472,37.62948494887264,강북구
번3동,11305608,11305,127.04218425533922,37.62368917919007,강북구
자양3동,11215840,11215,127.07101606905556,37.53136850519804,광진구
자양4동,11215847,11215,127.06361893678418,37.53375136428935,광진구
구의1동,11215850,11215,127.08598440880375,37.5415038189961,광진구
구의2동,11215860,11215,127.09485639020176,37.5511016720589,광진구
구의3동,11215870,11215,127.0942274848412,37.536956490128944,광진구
용신동,11230536,11230,127.03245552682628,37.57556132503958,동대문구
기동,11230545,11230,127.03722548288243,37.58374995175625,동대문구
전농1동,11230560,11230,127.05095551957608,37.57922183565485,동대문구
전농2동,11230570,11230,127.06112292051264,37.58069463875391,동대문구
답십리1동,11230600,11230,127.05187832254228,37.571274662047024,동대문구
답십리2동,11230610,11230,127.06103558265632,37.570783745453,동대문구
장안1동,11230650,11230,127.06852502978792,37.566238618581984,동대문구
장안2동,11230660,11230,127.07207692830464,37.575642892297,동대문구
청량리동,11230705,11230,127.04521030083602,37.58883777323814,동대문구
수유1동,11305615,11305,127.01001447423752,37.629732905721454,강북구
수유2동,11305625,11305,127.019364631901,37.64541789161528,강북구
수유3동,11305635,11305,127.0234422357564,37.64049777793631,강북구
우이동,11305645,11305,127.00048732938124,37.66034876374321,강북구
인수동,11305660,11305,127.00354621327511,37.637400665631354,강북구
창1동,11320511,11320,127.0435459008094,37.647087273938055,도봉구
후암동,11170510,11170,126.98061483959788,37.54990381408421,용산구
용산2가동,11170520,11170,126.98507593025204,37.537912160148856,용산구
남영동,11170530,11170,126.97482276913377,37.544028208171056,용산구
청파동,11170555,11170,126.9668436893749,37.54758518372214,용산구
원효로1동,11170560,11170,126.96655397782294,37.537493906721416,용산구
원효로2동,11170570,11170,126.95245827364532,37.53384903090399,용산구
효창동,11170580,11170,126.96093915346631,37.542808082601326,용산구
용문동,11170590,11170,126.95850901385698,37.537977894354526,용산구
한강로동,11170625,11170,126.96859411957044,37.529124167649734,용산구
이촌1동,11170630,11170,126.9717558041162,37.51517744414727,용산구
이촌2동,11170640,11170,126.95420736020796,37.52285750115803,용산구
이태원1동,11170650,11170,126.99324554325972,37.53336285660898,용산구
이태원2동,11170660,11170,126.9920566827956,37.54176010616265,용산구
한남동,11170685,11170,127.00517078444392,37.5375255598216,용산구
서빙고동,11170690,11170,126.98891431424948,37.51963125792497,용산구
보광동,11170700,11170,127.0009050415568,37.52688484537797,용산구
왕십리2동,11200520,11200,127.02772969813616,37.56145293830574,성동구
왕십리도선동,11200535,11200,127.02959934343136,37.56684945211883,성동구
마장동,11200540,11200,127.0406017762261,37.56741380833115,성동구
사근동,11200550,11200,127.04539545602,37.558122788998226,성동구
행당1동,11200560,11200,127.0361719656748,37.55909004189771,성동구
행당2동,11200570,11200,127.02965190700264,37.55667718677539,성동구
응봉동,11200580,11200,127.0337236035604,37.55088267778024,성동구
금호1가동,11200590,11200,127.02497673950828,37.55358784630584,성동구
금호2?3가동,11200615,11200,127.01997401737138,37.5513993732278,성동구
금호4가동,11200620,11200,127.02415926514722,37.54538892972044,성동구
옥수동,11200645,11200,127.02058221940472,37.540848569825286,성동구
성수1가1동,11200650,11200,127.0422619717796,37.54078874107653,성동구
성수1가2동,11200660,11200,127.0436472117351,37.5490143598074,성동구
성수2가1동,11200670,11200,127.05530502567484,37.53635043227752,성동구
성수2가3동,11200690,11200,127.05808421418728,37.54556632538986,성동구
송정동,11200720,11200,127.06697246477096,37.55150820919662,성동구
용답동,11200790,11200,127.0574720957508,37.55891941552393,성동구
화양동,11215710,11215,127.07339229382966,37.54326926538935,광진구
군자동,11215730,11215,127.0737074372354,37.5530449035526,광진구
중곡1동,11215740,11215,127.07768909152678,37.56209737181454,광진구
중곡2동,11215750,11215,127.08457835917312,37.55891211949285,광진구
중곡3동,11215760,11215,127.08201907488169,37.567914877003595,광진구
중곡4동,11215770,11215,127.09449907328482,37.56387809623577,광진구
능동,11215780,11215,127.08178506993116,37.55058887039526,광진구
광장동,11215810,11215,127.10470862656273,37.54782272294704,광진구
자양1동,11215820,11215,127.08045622273272,37.53558814490071,광진구
자양2동,11215830,11215,127.0827458629586,37.52909935606437,광진구
회기동,11230710,11230,127.05150891260784,37.593718569706766,동대문구
휘경1동,11230720,11230,127.06260410145012,37.59195627228879,동대문구
휘경2동,11230730,11230,127.06582643327616,37.58663866455317,동대문구
이문1동,11230740,11230,127.06044581582486,37.59737235630449,동대문구
이문2동,11230750,11230,127.06751673938784,37.60284654638693,동대문구
면목2동,11260520,11260,127.07784189317408,37.58928928012044,중랑구
면목4동,11260540,11260,127.08537607090588,37.5736157956914,중랑구
면목5동,11260550,11260,127.0788764183158,37.582522137682346,중랑구
면목본동,11260565,11260,127.08937831220662,37.58831704664329,중랑구
면목7동,11260570,11260,127.0927950997119,37.57714209472521,중랑구
면목3?8동,11260575,11260,127.09835186573734,37.58448970223218,중랑구
상봉1동,11260580,11260,127.08943964601414,37.601723750827205,중랑구
상봉2동,11260590,11260,127.08401828830524,37.59432158968162,중랑구
중화1동,11260600,11260,127.08307633450134,37.60259335216246,중랑구
중화2동,11260610,11260,127.07503253581206,37.59918398617633,중랑구
묵1동,11260620,11260,127.08253374020212,37.61372996106673,중랑구
묵2동,11260630,11260,127.07462517776844,37.61082503349898,중랑구
망우본동,11260655,11260,127.107445930793,37.60213219711104,중랑구
망우3동,11260660,11260,127.10283411874144,37.59188302898037,중랑구
신내1동,11260680,11260,127.11042279893698,37.616473193912,중랑구
신내2동,11260690,11260,127.09159130020971,37.61098427331462,중랑구
성북동,11290525,11290,126.99413438628186,37.5966849155429,성북구
삼선동,11290555,11290,127.01170699375596,37.586557329429894,성북구
쌍문4동,11320681,11320,127.03041641107438,37.65542548189623,도봉구
방학1동,11320690,11320,127.0434770512704,37.665043874150136,도봉구
방학2동,11320700,11320,127.03268894171384,37.66918285777328,도봉구
방학3동,11320710,11320,127.02356270788486,37.66319351247468,도봉구
월계1동,11350560,11350,127.0582341631986,37.62188938530012,노원구
월계2동,11350570,11350,127.05129877305738,37.63397483256615,노원구
월계3동,11350580,11350,127.0647382826748,37.624417770080306,노원구
공릉1동,11350595,11350,127.07255425519504,37.62421500596216,노원구
공릉2동,11350600,11350,127.09431289674852,37.63162374762954,노원구
하계1동,11350611,11350,127.07507206853384,37.63851207605814,노원구
하계2동,11350612,11350,127.06496276368706,37.63504928301639,노원구
중계본동,11350619,11350,127.08601711008188,37.64863166312262,노원구
중계1동,11350621,11350,127.0737013104592,37.650144641816766,노원구
중계4동,11350624,11350,127.0825162344982,37.65936486322478,노원구
상계3?4동,11350665,11350,127.08422341168568,37.67577951652711,노원구
상계5동,11350670,11350,127.06999941345408,37.66601318533668,노원구
상계6?7동,11350695,11350,127.06010209231592,37.648665731816386,노원구
상계8동,11350700,11350,127.05350866498593,37.666526368099404,노원구
상계9동,11350710,11350,127.06218021049642,37.6676032920724,노원구
상계10동,11350720,11350,127.05838836607508,37.659721646634786,노원구
녹번동,11380510,11380,126.93457613990928,37.605307427951566,은평구
불광1동,11380520,11380,126.93865492691032,37.616869307390246,은평구
불광2동,11380530,11380,126.92870306420276,37.62427884144315,은평구
갈현1동,11380551,11380,126.91473488632758,37.62519759123378,은평구
갈현2동,11380552,11380,126.91245511588517,37.617979013946865,은평구
구산동,11380560,11380,126.90731000319286,37.611064504480815,은평구
대조동,11380570,11380,126.92315350861104,37.61225618022568,은평구
응암1동,11380580,11380,126.92706321251218,37.59834737843492,은평구
응암2동,11380590,11380,126.92289117509014,37.59209184653542,은평구
응암3동,11380600,11380,126.91755026855203,37.588925754519096,은평구
역촌동,11380625,11380,126.91462253445144,37.60457388799247,은평구
신사1동,11380631,11380,126.90850249307356,37.59913633076466,은평구
신사2동,11380632,11380,126.90620029351606,37.592854615391595,은평구
증산동,11380640,11380,126.90593951784857,37.58413280264272,은평구
수색동,11380650,11380,126.89453653524302,37.58559178366748,은평구
진관동,11380690,11380,126.93782040730471,37.639681845341414,은평구
천연동,11410520,11410,126.95665672530488,37.57132315392149,서대문구
북아현동,11410555,11410,126.95502259620308,37.55929424518772,서대문구
충현동,11410565,11410,126.95831351907644,37.5639445956383,서대문구
신촌동,11410585,11410,126.94157317998902,37.564072647477865,서대문구
연희동,11410615,11410,126.9327939053264,37.572230995998346,서대문구
홍1동,11410620,11410,126.94432054000058,37.58340031222398,서대문구
홍3동,11410640,11410,126.95173035658188,37.592395480919414,서대문구
홍2동,11410655,11410,126.95251672697694,37.584385976342816,서대문구
홍은1동,11410660,11410,126.9468896728921,37.60054737302956,서대문구
홍은2동,11410685,11410,126.93213511532542,37.587169095847806,서대문구
남가좌1동,11410690,11410,126.9162786769141,37.5718149913034,서대문구
남가좌2동,11410700,11410,126.92134352287884,37.577927216905486,서대문구
북가좌1동,11410710,11410,126.90810135396327,37.57541288721553,서대문구
북가좌2동,11410720,11410,126.9133360002854,37.58117419706544,서대문구
아현동,11440555,11440,126.95272977223212,37.55183308979032,마포구
공덕동,11440565,11440,126.95794822293418,37.549321278274334,마포구
도화동,11440585,11440,126.94910605233989,37.538640956435955,마포구
중계2?3동,11350625,11350,127.06589918224572,37.64343693097218,노원구
상계1동,11350630,11350,127.06511826338296,37.683386860842326,노원구
상계2동,11350640,11350,127.0671007928886,37.65665367440115,노원구
망원2동,11440700,11440,126.90017638433788,37.55899031399904,마포구
연남동,11440710,11440,126.92154029818884,37.563015878489466,마포구
성산1동,11440720,11440,126.91184156004186,37.56199991897573,마포구
성산2동,11440730,11440,126.90196369221974,37.56832613063574,마포구
상암동,11440740,11440,126.87989855888374,37.57072942215392,마포구
목1동,11470510,11470,126.8744357571103,37.52752088177435,양천구
목2동,11470520,11470,126.87428427264103,37.54363060277917,양천구
목3동,11470530,11470,126.86554590848546,37.54517069417377,양천구
창2동,11320512,11320,127.0367675730778,37.642512582863006,도봉구
창3동,11320513,11320,127.0417274267324,37.63729423171835,도봉구
창4동,11320514,11320,127.0509150392998,37.65271546809183,도봉구
창5동,11320515,11320,127.04279145964306,37.655367583048815,도봉구
도봉1동,11320521,11320,127.02680076230416,37.68532087610572,도봉구
도봉2동,11320522,11320,127.04770365637532,37.681250862632965,도봉구
쌍문1동,11320660,11320,127.01951393584568,37.65306721503059,도봉구
쌍문2동,11320670,11320,127.03692209518748,37.65710846171442,도봉구
쌍문3동,11320680,11320,127.03058321327217,37.64765896613047,도봉구
화곡2동,11500550,11500,126.85437971009937,37.532264149877726,강서구
가양2동,11500604,11500,126.85435783656128,37.56677233849349,강서구
목4동,11470540,11470,126.86695519731316,37.53535139766359,양천구
목5동,11470550,11470,126.879886311553,37.53605001799943,양천구
신월1동,11470560,11470,126.83449222083615,37.53126487272668,양천구
신월2동,11470570,11470,126.846331090338,37.52342414120445,양천구
신월3동,11470580,11470,126.82746371641082,37.5324441338088,양천구
신월4동,11470590,11470,126.83985175060228,37.522154130799024,양천구
신월5동,11470600,11470,126.82943569861496,37.540898373457786,양천구
신월6동,11470610,11470,126.84216114046096,37.515985373747085,양천구
신월7동,11470611,11470,126.83060531087266,37.51905079452027,양천구
신정1동,11470620,11470,126.85966565751396,37.51890869706325,양천구
신정2동,11470630,11470,126.87478871746364,37.5194032286939,양천구
신정3동,11470640,11470,126.8410954280885,37.51180329044341,양천구
화곡3동,11500560,11500,126.83430566241292,37.54399573251715,강서구
화곡4동,11500570,11500,126.85859256040077,37.53608050018333,강서구
화곡본동,11500590,11500,126.84811344518944,37.542635772107474,강서구
화곡6동,11500591,11500,126.85122975169052,37.55172180034683,강서구
화곡8동,11500593,11500,126.84877532554384,37.53426633689339,강서구
가양1동,11500603,11500,126.83469719178288,37.57165686791526,강서구
용강동,11440590,11440,126.94221311320156,37.54152999419625,마포구
대흥동,11440600,11440,126.94152597994784,37.552053322483815,마포구
염리동,11440610,11440,126.94758200437364,37.54987575053771,마포구
신수동,11440630,11440,126.9347980470556,37.54565270960968,마포구
서강동,11440655,11440,126.92602719784018,37.54672873951285,마포구
서교동,11440660,11440,126.92093784067974,37.55474432506864,마포구
합정동,11440680,11440,126.90896236646482,37.546960085753625,마포구
망원1동,11440690,11440,126.8997534996997,37.55362001265407,마포구
신정4동,11470650,11470,126.85761717556312,37.525411479927584,양천구
신정6동,11470670,11470,126.86977235769862,37.515883893266725,양천구
신정7동,11470680,11470,126.86540565002164,37.50987831468797,양천구
염창동,11500510,11500,126.8718101199864,37.554539029008225,강서구
등촌1동,11500520,11500,126.85960771313442,37.55585862609211,강서구
방배1동,11650600,11650,126.99625748803622,37.48487992592322,서초구
방배2동,11650610,11650,126.99344382591028,37.46539996871259,서초구
방배3동,11650620,11650,126.99791986162606,37.47437419914072,서초구
방배4동,11650621,11650,126.99097667124698,37.489835184939245,서초구
양재1동,11650651,11650,127.0224956870398,37.46949760980856,서초구
양재2동,11650652,11650,127.04574888856544,37.45114628839233,서초구
내곡동,11650660,11650,127.07062814160918,37.45585534760794,서초구
신사동,11680510,11680,127.02018221010984,37.52608123258473,강남구
오류1동,11530770,11530,126.84164727524184,37.49686537587967,구로구
오류2동,11530780,11530,126.83844926710196,37.485301131831626,구로구
수궁동,11530790,11530,126.82601531115785,37.498438167683105,구로구
항동,11530800,11530,126.82459717918115,37.481037633340605,구로구
가산동,11545510,11545,126.88379136072042,37.47665969748202,금천구
독산1동,11545610,11545,126.89249163153224,37.464306073652146,금천구
독산2동,11545620,11545,126.90273314117329,37.46394553258966,금천구
독산3동,11545630,11545,126.90460578412556,37.47578633583591,금천구
독산4동,11545640,11545,126.904094190848,37.46917250828416,금천구
시흥1동,11545670,11545,126.90014866846398,37.45241042141484,금천구
시흥2동,11545680,11545,126.9198266936059,37.450902696208864,금천구
시흥3동,11545690,11545,126.90599582012102,37.44008033489764,금천구
시흥4동,11545700,11545,126.90930517370276,37.46006739908837,금천구
시흥5동,11545710,11545,126.91236037124509,37.44746453361467,금천구
영등포본동,11560515,11560,126.90953442700886,37.51367754120802,영등포구
영등포동,11560535,11560,126.90760179056504,37.52159586265854,영등포구
여의동,11560540,11560,126.92846623759736,37.528503008419,영등포구
당산1동,11560550,11560,126.8967841339902,37.523902480304685,영등포구
당산2동,11560560,11560,126.902370554983,37.53410656554908,영등포구
도림동,11560585,11560,126.90055953404418,37.50911124604306,영등포구
문래동,11560605,11560,126.89105938739388,37.516527137234625,영등포구
양평1동,11560610,11560,126.88671359553447,37.52546099340308,영등포구
양평2동,11560620,11560,126.8905901573037,37.543502676685975,영등포구
신길1동,11560630,11560,126.91947815339368,37.51243234306483,영등포구
신길3동,11560650,11560,126.90577720449866,37.50624131847006,영등포구
신길4동,11560660,11560,126.91293521370748,37.50723791646705,영등포구
신길5동,11560670,11560,126.90551242130992,37.50096121617549,영등포구
신길6동,11560680,11560,126.9134875775257,37.49902115324461,영등포구
신길7동,11560690,11560,126.91962080109202,37.50598124809875,영등포구
대림1동,11560700,11560,126.90521627760396,37.493680848732666,영등포구
대림2동,11560710,11560,126.90050622284808,37.48962244423952,영등포구
대림3동,11560720,11560,126.89714500493702,37.49999916114727,영등포구
노량진1동,11590510,11590,126.94895432734992,37.512232518146575,동작구
노량진2동,11590520,11590,126.93781424178611,37.51095676265954,동작구
상도1동,11590530,11590,126.95332891920636,37.498385877158825,동작구
상도2동,11590540,11590,126.94182382625156,37.50370571617819,동작구
상도3동,11590550,11590,126.93292872734752,37.497565150649656,동작구
상도4동,11590560,11590,126.94067522441908,37.49742513371454,동작구
흑석동,11590605,11590,126.96223664344198,37.50542591563825,동작구
사당1동,11590620,11590,126.97751253465732,37.47978714539723,동작구
사당2동,11590630,11590,126.97482719240736,37.49719407571352,동작구
사당3동,11590640,11590,126.97097424833213,37.48875075469879,동작구
사당4동,11590650,11590,126.97076260910686,37.48054251560181,동작구
사당5동,11590651,11590,126.96496015994484,37.485802827843905,동작구
대방동,11590660,11590,126.92804576078878,37.506905705490965,동작구
신대방1동,11590670,11590,126.91067114142444,37.48998196011976,동작구
신대방2동,11590680,11590,126.92169112647883,37.49455788435131,동작구
보라매동,11620525,11620,126.9326411454976,37.490392972232215,관악구
청림동,11620545,11620,126.95948563044138,37.48955828055496,관악구
성현동,11620565,11620,126.95105032779048,37.48954607668512,관악구
행운동,11620575,11620,126.9605530395309,37.48097203245596,관악구
낙성대동,11620585,11620,126.959847861211,37.467690907633475,관악구
청룡동,11620595,11620,126.94581200028097,37.47805593186479,관악구
은천동,11620605,11620,126.9420968434686,37.48700118580526,관악구
중앙동,11620615,11620,126.95065811919062,37.48414887531802,관악구
인헌동,11620625,11620,126.96755638312828,37.46970252971936,관악구
남현동,11620630,11620,126.9777659090888,37.464109612444176,관악구
서원동,11620645,11620,126.93332829985852,37.4805994030561,관악구
신원동,11620655,11620,126.92661369063258,37.479397081397735,관악구
서림동,11620665,11620,126.94149728796596,37.47286405812275,관악구
신림동,11620695,11620,126.92717147096998,37.48713708947788,관악구
난향동,11620715,11620,126.91852681304232,37.46150672535611,관악구
조원동,11620725,11620,126.90734428329348,37.48282539513199,관악구
대학동,11620735,11620,126.94851999048208,37.45290991716115,관악구
삼성동,11620745,11620,126.9300905593057,37.46084738317156,관악구
미성동,11620765,11620,126.91547002444884,37.475929758906666,관악구
난곡동,11620775,11620,126.92113955771757,37.47063574010427,관악구
서초1동,11650510,11650,127.02010383171128,37.48693257364956,서초구
가양3동,11500605,11500,126.86111507604798,37.56079786970286,강서구
발산1동,11500611,11500,126.8252606243117,37.55050591840841,강서구
우장산동,11500615,11500,126.8411262444883,37.550609421333775,강서구
공항동,11500620,11500,126.79462340376412,37.55581753376041,강서구
방화1동,11500630,11500,126.81757781779172,37.56860431514873,강서구
방화2동,11500640,11500,126.80402559812032,37.58271016973055,강서구
방화3동,11500641,11500,126.8175901318185,37.5821192354174,강서구
신도림동,11530510,11530,126.882178799532,37.51003138664776,구로구
구로1동,11530520,11530,126.8753979707312,37.493139588613694,구로구
구로2동,11530530,11530,126.87991515923407,37.496874432896426,구로구
구로3동,11530540,11530,126.89491572157203,37.48486929351595,구로구
구로4동,11530550,11530,126.89030405609384,37.49160463784752,구로구
구로5동,11530560,11530,126.88854723628783,37.50199159469519,구로구
가리봉동,11530595,11530,126.88805581858972,37.48269156337733,구로구
고척1동,11530720,11530,126.8637031420373,37.50070413514469,구로구
고척2동,11530730,11530,126.85346961648176,37.50589068275934,구로구
개봉1동,11530740,11530,126.84912717835932,37.50000165460349,구로구
개봉2동,11530750,11530,126.85648091405729,37.4925685083559,구로구
개봉3동,11530760,11530,126.85221843930331,37.48653551692018,구로구
등촌2동,11500530,11500,126.86002255940238,37.54584002476165,강서구
등촌3동,11500535,11500,126.84619694088194,37.56120284670086,강서구
화곡1동,11500540,11500,126.8409243599755,37.533778492505945,강서구
잠원동,11650540,11650,127.01273679325406,37.51708125203908,서초구
반포본동,11650550,11650,126.98755944235896,37.50421493946561,서초구
반포1동,11650560,11650,127.01676111796128,37.50552987327867,서초구
반포2동,11650570,11650,126.99596231145485,37.50722488308,서초구
반포3동,11650580,11650,127.00398140914186,37.51232457119947,서초구
반포4동,11650581,11650,127.00335874152437,37.49954833655945,서초구
방배본동,11650590,11650,126.98773058570704,37.49505172455024,서초구
방이2동,11710562,11710,127.1138900366646,37.513242816212546,송파구
오륜동,11710566,11710,127.12883899753022,37.51742613125331,송파구
오금동,11710570,11710,127.134018326619,37.50400442081414,송파구
송파1동,11710580,11710,127.11036340656342,37.50718240617835,송파구
논현1동,11680521,11680,127.02650109404792,37.51187116329984,강남구
논현2동,11680531,11680,127.03620734636496,37.51523834181583,강남구
압구정동,11680545,11680,127.03431370176712,37.52975405970077,강남구
청담동,11680565,11680,127.05046570173896,37.524396311018045,강남구
삼성1동,11680580,11680,127.06079807607485,37.51530032427762,강남구
삼성2동,11680590,11680,127.04877195494672,37.51185505709333,강남구
대치1동,11680600,11680,127.05909540225716,37.49336170843875,강남구
대치2동,11680610,11680,127.06566069711208,37.50098976619122,강남구
풍납2동,11710520,11710,127.10816850458949,37.530169019198894,송파구
거여1동,11710531,11710,127.14186096238517,37.49475094645482,송파구
거여2동,11710532,11710,127.14830141427724,37.492121108727815,송파구
마천1동,11710540,11710,127.15600865243684,37.49531876462369,송파구
마천2동,11710550,11710,127.1506477111596,37.50053353499824,송파구
방이1동,11710561,11710,127.12245820534145,37.50985547965046,송파구
서초2동,11650520,11650,127.0279063626298,37.488832115109155,서초구
서초3동,11650530,11650,127.0094524672592,37.4855193230316,서초구
서초4동,11650531,11650,127.019813022298,37.498943048639326,서초구
대치4동,11680630,11680,127.05475913388136,37.50156295622019,강남구
역삼1동,11680640,11680,127.03549922946767,37.50084049923531,강남구
역삼2동,11680650,11680,127.04489567185156,37.498485675915795,강남구
도곡1동,11680655,11680,127.04101152997734,37.48889136331354,강남구
도곡2동,11680656,11680,127.04901486736784,37.48549151388995,강남구
개포1동,11680660,11680,127.06232784199904,37.47778161565642,강남구
개포2동,11680670,11680,127.06901579411922,37.484670615998134,강남구
개포4동,11680690,11680,127.05340597354184,37.47533523897234,강남구
세곡동,11680700,11680,127.10430698125876,37.47066106826317,강남구
송파2동,11710590,11710,127.11700695012968,37.50285118895995,송파구
석촌동,11710600,11710,127.1025081499752,37.50272950941379,송파구
가락2동,11710632,11710,127.13076957846668,37.49585396191582,송파구
문정1동,11710641,11710,127.1269008991108,37.488442895397405,송파구
문정2동,11710642,11710,127.11914395257529,37.48119785867748,송파구
장지동,11710646,11710,127.13150466192288,37.48297775415758,송파구
위례동,11710647,11710,127.14070474690848,37.48121019018826,송파구
잠실본동,11710650,11710,127.08261855968016,37.505988713144895,송파구
잠실2동,11710670,11710,127.07933949383688,37.51742470319823,송파구
잠실3동,11710680,11710,127.09424373378847,37.51389983804155,송파구
잠실4동,11710690,11710,127.1091616067086,37.52069857640795,송파구
잠실6동,11710710,11710,127.09946592122714,37.51977009676446,송파구
잠실7동,11710720,11710,127.07388865677532,37.50731897355745,송파구
강일동,11740515,11740,127.17428312632684,37.56354400949654,강동구
상일동,11740520,11740,127.16482638430624,37.55065532184495,강동구
명일1동,11740530,11740,127.14594969313026,37.55034679414935,강동구
명일2동,11740540,11740,127.15428564477769,37.54823687154235,강동구
고덕1동,11740550,11740,127.15094058086898,37.561711098625906,강동구
고덕2동,11740560,11740,127.16201692163284,37.56497604216885,강동구
암사1동,11740570,11740,127.13459056861636,37.55184693432832,강동구
암사2동,11740580,11740,127.12368975590157,37.55703058080124,강동구
암사3동,11740590,11740,127.13863664336333,37.5611855898297,강동구
천호1동,11740600,11740,127.13855254398835,37.54632824439577,강동구
천호2동,11740610,11740,127.12200645292198,37.544995001700855,강동구
천호3동,11740620,11740,127.13330144701196,37.539693927057975,강동구
삼전동,11710610,11710,127.09188763577404,37.501900312956664,송파구
가락본동,11710620,11710,127.12165695132244,37.49701698536128,송파구
가락1동,11710631,11710,127.10827635341148,37.49519195414569,송파구
일원본동,11680720,11680,127.08454846775312,37.48230888982903,강남구
일원1동,11680730,11680,127.08924254756424,37.49346892284447,강남구
일원2동,11680740,11680,127.07883086584854,37.49628746986969,강남구
수서동,11680750,11680,127.10014599671102,37.48691887050256,강남구
풍납1동,11710510,11710,127.1146637991839,37.5384340752653,송파구
둔촌1동,11740690,11740,127.14042130885898,37.52306221389546,강동구
둔촌2동,11740700,11740,127.14724759874731,37.531307071589495,강동구
성내1동,11740640,11740,127.12554357971965,37.52869220538448,강동구
성내2동,11740650,11740,127.12770283898251,37.534402234876005,강동구
성내3동,11740660,11740,127.1337677263742,37.528349806222344,강동구
길동,11740685,11740,127.14596287718912,37.53969697581689,강동구
